Date,Value
"Jan 5 2015","10,110,380.50"
"Jan 12 2015","10,371,278.50"
"Jan 19 2015","10,592,825.50"
"Jan 26 2015","10,541,589.75"
"Feb 2 2015","10,736,806.25"
"Feb 9 2015","10,535,999.00"
"Feb 16 2015","10,410,399.25"
"Feb 23 2015","10,396,684.00"
"Mar 2 2015","10,238,004.00"
"Mar 9 2015","10,085,572.25"
"Mar 16 2015","9,890,324.25"
"Mar 23 2015","9,861,786.75"
"Mar 30 2015","9,470,049.00"
"Apr 6 2015","9,167,328.50"
"Apr 13 2015","9,480,876.50"
"Apr 20 2015","9,250,641.00"
"Apr 27 2015","8,972,028.00"
"May 4 2015","9,316,097.75"
"May 11 2015","8,730,225.50"
"May 18 2015","9,158,525.50"
"May 25 2015","8,814,038.00"
"Jun 1 2015","8,923,533.25"
"Jun 8 2015","9,245,816.25"
"Jun 15 2015","9,124,041.75"
"Jun 22 2015","9,187,576.75"
"Jun 29 2015","9,383,964.00"
"Jul 6 2015","9,322,383.50"
"Jul 13 2015","9,311,168.50"
"Jul 20 2015","9,289,656.50"
"Jul 27 2015","9,011,495.75"
"Aug 3 2015","9,088,514.75"
"Aug 10 2015","9,107,485.00"
"Aug 17 2015","8,998,051.25"
"Aug 24 2015","9,245,030.75"
"Aug 31 2015","9,313,512.25"
"Sep 7 2015","9,286,132.50"
"Sep 14 2015","9,441,442.25"
"Sep 21 2015","9,416,339.75"
"Sep 28 2015","9,276,410.00"
"Oct 5 2015","9,496,883.75"
"Oct 12 2015","9,858,702.75"
"Oct 19 2015","9,832,251.00"
"Oct 26 2015","9,741,348.00"
"Nov 2 2015","9,823,575.00"
"Nov 9 2015","10,036,516.00"
"Nov 16 2015","10,202,291.00"
"Nov 23 2015","10,523,721.25"
"Nov 30 2015","10,344,324.00"
"Dec 7 2015","10,332,981.25"
"Dec 14 2015","9,977,163.50"
"Dec 21 2015","8,338,881.50"
"Dec 28 2015","8,260,219.50"
"Jan 4 2016","9,963,276.00"
"Jan 11 2016","10,463,529.25"
"Jan 18 2016","10,772,705.75"
"Jan 25 2016","10,322,056.25"
"Feb 1 2016","10,302,315.50"
"Feb 8 2016","10,275,475.00"
"Feb 15 2016","10,481,915.50"
"Feb 22 2016","10,219,623.25"
"Feb 29 2016","10,266,786.25"
"Mar 7 2016","10,114,837.50"
"Mar 14 2016","10,034,026.50"
"Mar 21 2016","9,377,769.75"
"Mar 28 2016","9,239,727.75"
"Apr 4 2016","9,482,230.25"
"Apr 11 2016","9,461,640.50"
"Apr 18 2016","9,373,869.25"
"Apr 25 2016","9,547,467.00"
"May 2 2016","8,850,206.50"
"May 9 2016","9,341,980.25"
"May 16 2016","9,003,762.00"
"May 23 2016","9,054,935.25"
"May 30 2016","9,294,057.00"
"Jun 6 2016","9,158,561.75"
"Jun 13 2016","9,205,906.25"
"Jun 20 2016","9,235,820.25"
"Jun 27 2016","9,293,920.75"
"Jul 4 2016","9,318,434.50"
"Jul 11 2016","9,250,530.00"
"Jul 18 2016","9,236,491.00"
"Jul 25 2016","9,096,053.25"
"Aug 1 2016","8,942,337.00"
"Aug 8 2016","8,917,781.50"
"Aug 15 2016","8,885,716.00"
"Aug 22 2016","9,227,638.75"
"Aug 29 2016","9,150,334.75"
"Sep 5 2016","9,120,627.75"
"Sep 12 2016","9,202,492.50"
"Sep 19 2016","9,040,508.25"
"Sep 26 2016","9,294,623.50"
"Oct 3 2016","9,298,292.50"
"Oct 10 2016","9,772,266.75"
"Oct 17 2016","9,803,561.25"
"Oct 24 2016","9,826,144.00"
"Oct 31 2016","9,660,166.25"
"Nov 7 2016","10,404,044.00"
"Nov 14 2016","10,475,496.50"
"Nov 21 2016","10,317,029.25"
"Nov 28 2016","10,680,857.00"
"Dec 5 2016","10,708,084.00"
"Dec 12 2016","10,526,634.50"
"Dec 19 2016","9,909,337.50"
"Dec 26 2016","8,584,529.25"
"Jan 2 2017","10,272,227.50"
"Jan 9 2017","10,800,514.50"
"Jan 16 2017","10,899,830.00"
"Jan 23 2017","10,971,135.75"
"Jan 30 2017","10,631,261.50"
"Feb 6 2017","10,762,407.25"
"Feb 13 2017","10,530,772.50"
"Feb 20 2017","10,381,703.00"
"Feb 27 2017","10,123,587.25"
"Mar 6 2017","10,175,011.25"
"Mar 13 2017","9,959,208.75"
"Mar 20 2017","9,839,924.50"
"Mar 27 2017","9,519,655.50"
"Apr 3 2017","9,483,787.25"
"Apr 10 2017","9,129,397.75"
"Apr 17 2017","9,366,113.75"
"Apr 24 2017","9,672,604.25"
"May 1 2017","9,328,513.50"
"May 8 2017","9,348,242.75"
"May 15 2017","9,343,018.75"
"May 22 2017","8,755,938.25"
"May 29 2017","9,243,156.75"
"Jun 5 2017","8,893,374.75"
"Jun 12 2017","8,984,617.50"
"Jun 19 2017","9,454,333.25"
"Jun 26 2017","9,320,771.50"
"Jul 3 2017","9,303,891.00"
"Jul 10 2017","9,249,461.00"
"Jul 17 2017","9,202,964.50"
"Jul 24 2017","9,103,762.50"
"Jul 31 2017","9,053,509.50"
"Aug 7 2017","8,928,468.75"
"Aug 14 2017","8,945,897.25"
"Aug 21 2017","9,000,040.50"
"Aug 28 2017","9,057,641.50"
"Sep 4 2017","9,223,861.50"
"Sep 11 2017","9,448,460.25"
"Sep 18 2017","9,339,595.50"
"Sep 25 2017","9,480,067.50"
"Oct 2 2017","9,322,891.25"
"Oct 9 2017","9,734,299.75"
"Oct 16 2017","9,709,337.75"
"Oct 23 2017","9,948,361.00"
"Oct 30 2017","9,299,599.50"
"Nov 6 2017","10,193,249.25"
"Nov 13 2017","10,311,200.50"
"Nov 20 2017","10,428,400.75"
"Nov 27 2017","10,706,804.25"
"Dec 4 2017","10,939,315.00"
"Dec 11 2017","10,847,145.00"
"Dec 18 2017","10,077,554.75"
"Dec 25 2017","8,499,211.50"
"Jan 1 2018","9,725,719.50"
"Jan 8 2018","10,558,201.25"
"Jan 15 2018","10,835,081.25"
"Jan 22 2018","10,548,717.75"
"Jan 29 2018","10,674,772.25"
"Feb 5 2018","10,718,531.00"
"Feb 12 2018","10,597,081.25"
"Feb 19 2018","10,732,881.25"
"Feb 26 2018","11,296,793.00"
"Mar 5 2018","10,350,131.25"
"Mar 12 2018","10,574,918.75"
"Mar 19 2018","10,356,472.00"
"Mar 26 2018","9,657,410.25"
"Apr 2 2018","9,408,268.00"
"Apr 9 2018","9,607,921.00"
"Apr 16 2018","9,283,229.25"
"Apr 23 2018","9,474,487.25"
"Apr 30 2018","8,958,974.50"
"May 7 2018","8,907,685.75"
"May 14 2018","9,342,019.50"
"May 21 2018","9,073,866.50"
"May 28 2018","9,133,157.25"
"Jun 4 2018","9,488,165.75"
"Jun 11 2018","9,458,161.25"
"Jun 18 2018","9,536,238.00"
"Jun 25 2018","9,361,139.25"
"Jul 2 2018","9,469,960.00"
"Jul 9 2018","9,140,953.25"
"Jul 16 2018","9,107,967.50"
"Jul 23 2018","9,350,922.75"
"Jul 30 2018","9,341,965.25"
"Aug 6 2018","9,293,581.50"
"Aug 13 2018","9,072,603.00"
"Aug 20 2018","9,259,935.25"
"Aug 27 2018","9,284,520.00"
"Sep 3 2018","9,304,240.00"
"Sep 10 2018","9,375,800.50"
"Sep 17 2018","9,649,997.75"
"Sep 24 2018","9,635,484.75"
"Oct 1 2018","9,262,972.00"
"Oct 8 2018","9,561,839.75"
"Oct 15 2018","9,578,531.25"
"Oct 22 2018","10,229,255.75"
"Oct 29 2018","9,682,996.00"
"Nov 5 2018","9,943,415.00"
"Nov 12 2018","10,161,157.00"
"Nov 19 2018","10,409,148.75"
"Nov 26 2018","10,524,495.75"
"Dec 3 2018","10,580,300.50"
"Dec 10 2018","10,720,123.00"
"Dec 17 2018","10,115,849.75"
"Dec 24 2018","8,373,050.50"
"Dec 31 2018","9,125,269.75"
"Jan 7 2019","10,600,836.50"
"Jan 14 2019","10,609,814.25"
"Jan 21 2019","10,853,840.75"
"Jan 28 2019","10,665,689.00"
"Feb 4 2019","10,647,331.50"
"Feb 11 2019","10,358,380.50"
"Feb 18 2019","10,138,704.50"
"Feb 25 2019","9,932,759.50"
"Mar 4 2019","10,017,607.25"
"Mar 11 2019","10,187,498.00"
"Mar 18 2019","9,855,181.75"
"Mar 25 2019","9,624,312.00"
"Apr 1 2019","9,588,993.50"
"Apr 8 2019","9,586,927.25"
"Apr 15 2019","8,768,649.00"
"Apr 22 2019","8,775,617.25"
"Apr 29 2019","8,938,319.25"
"May 6 2019","9,433,630.00"
"May 13 2019","9,302,019.50"
"May 20 2019","9,297,360.00"
"May 27 2019","8,601,659.75"
"Jun 3 2019","9,074,357.75"
"Jun 10 2019","8,746,073.00"
"Jun 17 2019","8,781,521.00"
"Jun 24 2019","9,335,899.25"
"Jul 1 2019","9,421,855.75"
"Jul 8 2019","9,092,545.25"
"Jul 15 2019","9,029,158.75"
"Jul 22 2019","9,278,096.50"
"Jul 29 2019","8,909,897.50"
"Aug 5 2019","8,940,949.25"
"Aug 12 2019","8,818,784.75"
"Aug 19 2019","8,838,622.25"
"Aug 26 2019","9,218,801.25"
"Sep 2 2019","9,046,712.00"
"Sep 9 2019","9,222,118.00"
"Sep 16 2019","9,213,148.00"
"Sep 23 2019","9,400,239.00"
"Sep 30 2019","9,049,655.25"
"Oct 7 2019","9,681,170.25"
"Oct 14 2019","9,605,420.25"
"Oct 21 2019","9,711,570.50"
"Oct 28 2019","9,391,364.50"
"Nov 4 2019","9,842,451.50"
"Nov 11 2019","10,225,083.75"
"Nov 18 2019","10,264,953.50"
"Nov 25 2019","10,292,470.25"
"Dec 2 2019","10,552,466.00"
"Dec 9 2019","10,546,411.50"
"Dec 16 2019","9,710,766.75"
"Dec 23 2019","7,962,262.75"
"Dec 30 2019","8,711,944.00"
"Jan 6 2020","10,175,724.00"
"Jan 13 2020","10,403,556.25"
"Jan 20 2020","10,470,563.50"
"Jan 27 2020","10,592,973.75"
"Feb 3 2020","10,446,273.25"
"Feb 10 2020","10,623,993.75"
"Feb 17 2020","10,458,948.00"
"Feb 24 2020","10,214,865.50"
"Mar 2 2020","10,057,552.75"
"Mar 9 2020","10,194,118.25"
"Mar 16 2020","9,502,738.25"
"Mar 23 2020","9,160,077.75"
"Mar 30 2020","9,087,058.75"
"Apr 6 2020","8,167,668.75"
"Apr 13 2020","8,246,029.25"
"Apr 20 2020","8,612,316.75"
"Apr 27 2020","8,249,435.00"
"May 4 2020","8,512,332.00"
"May 11 2020","8,782,625.50"
"May 18 2020","8,184,659.50"
"May 25 2020","8,475,809.75"
"Jun 1 2020","8,357,724.00"
"Jun 8 2020","8,319,263.00"
"Jun 15 2020","8,542,540.50"
"Jun 22 2020","8,599,658.00"
"Jun 29 2020","8,805,732.75"
"Jul 6 2020","8,802,911.25"
"Jul 13 2020","8,526,101.50"
"Jul 20 2020","8,490,529.75"
"Jul 27 2020","8,557,697.50"
"Aug 3 2020","8,470,455.75"
"Aug 10 2020","8,879,134.00"
"Aug 17 2020","8,864,446.25"
"Aug 24 2020","8,862,228.75"
"Aug 31 2020","8,866,932.75"
"Sep 7 2020","8,994,535.25"
"Sep 14 2020","8,951,205.00"
"Sep 21 2020","9,050,499.00"
"Sep 28 2020","9,222,581.25"
"Oct 5 2020","9,621,561.00"
"Oct 12 2020","9,611,408.00"
"Oct 19 2020","9,763,806.50"
"Oct 26 2020","9,782,741.00"
"Nov 2 2020","9,782,193.75"
"Nov 9 2020","9,770,119.50"
"Nov 16 2020","10,172,525.50"
"Nov 23 2020","10,261,827.25"
"Nov 30 2020","10,500,386.50"
"Dec 7 2020","10,410,883.50"
"Dec 14 2020","10,021,246.50"
"Dec 21 2020","8,653,659.75"
"Dec 28 2020","8,408,100.25"
"Jan 4 2021","10,098,335.25"
"Jan 11 2021","10,818,243.25"
"Jan 18 2021","10,639,866.00"
"Jan 25 2021","10,591,969.50"
"Feb 1 2021","10,555,939.50"
"Feb 8 2021","10,950,105.50"
"Feb 15 2021","10,368,684.00"
"Feb 22 2021","9,884,145.75"
"Mar 1 2021","10,049,461.00"
"Mar 8 2021","10,414,755.00"
"Mar 15 2021","10,243,528.50"
"Mar 22 2021","9,905,959.75"
"Mar 29 2021","9,084,151.75"
"Apr 5 2021","9,741,574.25"
"Apr 12 2021","9,912,831.50"
"Apr 19 2021","9,540,265.75"
"Apr 26 2021","9,283,380.25"
"May 3 2021","9,703,360.50"
"May 10 2021","8,772,453.00"
"May 17 2021","9,277,331.50"
"May 24 2021","8,928,181.50"
"May 31 2021","8,769,141.25"
"Jun 7 2021","9,171,033.00"
"Jun 14 2021","9,443,155.00"
"Jun 21 2021","9,176,621.50"
"Jun 28 2021","9,293,195.00"
"Jul 5 2021","9,233,963.25"
"Jul 12 2021","9,265,707.75"
"Jul 19 2021","9,087,839.75"
"Jul 26 2021","9,050,187.00"
"Aug 2 2021","8,767,229.50"
"Aug 9 2021","8,760,261.75"
"Aug 16 2021","9,005,376.25"
"Aug 23 2021","9,032,613.25"
"Aug 30 2021","9,071,960.75"
"Sep 6 2021","9,053,208.25"
"Sep 13 2021","9,183,978.50"
"Sep 20 2021","9,292,937.75"
"Sep 27 2021","9,509,009.25"
"Oct 4 2021","9,430,505.00"
"Oct 11 2021","9,903,996.50"
"Oct 18 2021","10,035,348.75"
"Oct 25 2021","10,018,211.75"
"Nov 1 2021","9,928,333.25"
"Nov 8 2021","10,082,299.50"
"Nov 15 2021","10,132,312.75"
"Nov 22 2021","10,487,213.25"
"Nov 29 2021","10,976,156.50"
"Dec 6 2021","10,763,764.75"
"Dec 13 2021","10,441,587.50"
"Dec 20 2021","9,528,970.75"
"Dec 27 2021","8,709,567.25"
"Jan 3 2022","10,189,604.50"
"Jan 10 2022","10,647,618.50"
"Jan 17 2022","10,811,945.75"
"Jan 24 2022","10,765,939.75"
"Jan 31 2022","10,813,226.25"
"Feb 7 2022","10,627,628.00"
"Feb 14 2022","10,555,951.50"
"Feb 21 2022","10,450,966.75"
"Feb 28 2022","10,147,421.00"
"Mar 7 2022","10,032,164.75"
"Mar 14 2022","9,945,398.00"
"Mar 21 2022","9,467,516.00"
"Mar 28 2022","9,951,316.25"
"Apr 4 2022","10,145,980.25"
"Apr 11 2022","8,860,872.75"
"Apr 18 2022","8,922,452.50"
"Apr 25 2022","9,123,559.75"
"May 2 2022","9,067,073.75"
"May 9 2022","9,213,863.25"
"May 16 2022","9,221,432.75"
"May 23 2022","8,657,837.50"
"May 30 2022","8,759,810.50"
"Jun 6 2022","8,530,840.75"
"Jun 13 2022","8,577,048.00"
"Jun 20 2022","8,833,744.75"
"Jun 27 2022","8,828,974.00"
"Jul 4 2022","8,893,373.25"
"Jul 11 2022","8,717,730.75"
"Jul 18 2022","8,695,712.75"
"Jul 25 2022","8,551,968.75"
"Aug 1 2022","8,477,414.00"
"Aug 8 2022","8,356,689.00"
"Aug 15 2022","8,365,119.00"
"Aug 22 2022","8,455,599.75"
"Aug 29 2022","8,503,487.25"
"Sep 5 2022","8,692,903.00"
"Sep 12 2022","8,788,490.50"
"Sep 19 2022","8,571,520.25"
"Sep 26 2022","8,869,310.50"
"Oct 3 2022","8,617,984.50"
"Oct 10 2022","8,832,589.25"
"Oct 17 2022","8,839,304.00"
"Oct 24 2022","8,837,128.25"
"Oct 31 2022","8,729,353.50"
"Nov 7 2022","9,197,447.75"
"Nov 14 2022","9,325,432.75"
"Nov 21 2022","9,370,995.50"
"Nov 28 2022","9,632,854.75"
"Dec 5 2022","9,722,237.25"
"Dec 12 2022","10,099,373.50"
"Dec 19 2022","8,884,937.75"
"Dec 26 2022","7,852,379.00"
"Jan 2 2023","8,825,412.75"
"Jan 9 2023","9,732,190.00"
"Jan 16 2023","9,858,735.00"
"Jan 23 2023","9,766,307.25"
"Jan 30 2023","9,860,289.75"
"Feb 6 2023","9,727,863.25"
"Feb 13 2023","9,399,113.75"
"Feb 20 2023","9,357,328.75"
"Feb 27 2023","9,367,912.25"
"Mar 6 2023","9,361,631.25"
"Mar 13 2023","9,189,541.00"
"Mar 20 2023","8,936,096.50"
"Mar 27 2023","9,112,848.75"
"Apr 3 2023","8,342,987.00"
"Apr 10 2023","8,327,604.00"
"Apr 17 2023","8,604,754.75"
"Apr 24 2023","8,567,262.00"
"May 1 2023","8,267,163.75"
"May 8 2023","8,564,903.25"
"May 15 2023","7,970,672.25"
"May 22 2023","8,175,367.75"
"May 29 2023","7,800,732.25"
"Jun 5 2023","7,944,182.25"
"Jun 12 2023","8,339,193.25"
"Jun 19 2023","8,410,308.25"
"Jun 26 2023","8,395,558.50"
"Jul 3 2023","8,371,303.50"
"Jul 10 2023","8,382,408.75"
"Jul 17 2023","8,140,723.25"
"Jul 24 2023","8,077,979.75"
"Jul 31 2023","8,092,936.75"
"Aug 7 2023","8,071,137.00"
"Aug 14 2023","8,126,218.75"
"Aug 21 2023","8,269,723.00"
"Aug 28 2023","8,215,464.50"
"Sep 4 2023","8,303,111.25"
"Sep 11 2023","8,439,037.00"
"Sep 18 2023","8,399,193.50"
"Sep 25 2023","8,390,909.75"
"Oct 2 2023","8,197,874.50"
"Oct 9 2023","8,795,204.75"
"Oct 16 2023","9,051,710.00"
"Oct 23 2023","9,163,911.25"
"Oct 30 2023","8,865,677.25"
"Nov 6 2023","9,475,409.75"
"Nov 13 2023","9,568,059.50"
"Nov 20 2023","9,709,790.25"
"Nov 27 2023","10,154,767.50"
"Dec 4 2023","10,113,309.50"
"Dec 11 2023","9,630,242.75"
"Dec 18 2023","9,341,263.50"
"Dec 25 2023","7,841,129.25"
"Jan 1 2024","8,872,359.00"
"Jan 8 2024","10,355,651.75"
"Jan 15 2024","10,583,885.75"
"Jan 22 2024","9,925,268.25"
"Jan 29 2024","9,872,308.50"
"Feb 5 2024","9,735,674.25"
"Feb 12 2024","9,394,112.00"
"Feb 19 2024","9,595,009.25"
"Feb 26 2024","9,415,218.00"
"Mar 4 2024","9,503,050.25"
"Mar 11 2024","9,342,750.50"
"Mar 18 2024","9,170,542.75"
"Mar 25 2024","8,479,180.75"
"Apr 1 2024","8,551,175.75"
"Apr 8 2024","8,796,768.25"
"Apr 15 2024","8,963,818.00"
"Apr 22 2024","8,903,481.75"
"Apr 29 2024","8,140,142.00"
"May 6 2024","7,989,753.25"
"May 13 2024","8,459,056.00"
"May 20 2024","7,947,005.50"
"May 27 2024","8,073,910.75"
"Jun 3 2024","8,309,200.50"
"Jun 10 2024","8,398,160.75"
"Jun 17 2024","8,438,845.25"
"Jun 24 2024","8,447,791.75"
"Jul 1 2024","8,507,090.25"
"Jul 8 2024","8,402,146.50"
"Jul 15 2024","8,323,297.75"
"Jul 22 2024","8,210,692.50"
"Jul 29 2024","8,079,005.00"
"Aug 5 2024","8,259,006.25"
"Aug 12 2024","8,361,583.50"
"Aug 19 2024","8,333,388.50"
"Aug 26 2024","8,430,795.25"
"Sep 2 2024","8,748,715.75"
"Sep 9 2024","8,625,180.75"
"Sep 16 2024","8,328,908.75"
"Sep 23 2024","8,605,346.75"
"Sep 30 2024","8,321,647.75"
"Oct 7 2024","8,786,568.00"
"Oct 14 2024","8,786,711.00"
"Oct 21 2024","8,747,587.50"
"Oct 28 2024","8,708,312.25"
"Nov 4 2024","9,306,603.50"
"Nov 11 2024","9,807,104.75"
"Nov 18 2024","10,112,253.25"
"Nov 25 2024","9,904,146.25"
"Dec 2 2024","10,049,795.75"
"Dec 9 2024","10,055,950.50"
"Dec 16 2024","9,501,448.00"
"Dec 23 2024","8,052,886.75"
"Dec 30 2024","8,825,965.25"
"Jan 6 2025","10,010,755.00"
"Jan 13 2025","10,353,851.25"
"Jan 20 2025","10,058,597.75"
"Jan 27 2025","9,878,431.98"
"Feb 3 2025","10,176,168.64"
"Feb 10 2025","10,333,747.11"
"Feb 17 2025","9,942,842.78"
"Feb 24 2025","9,567,241.86"
"Mar 3 2025","9,275,169.34"
"Mar 10 2025","9,356,907.61"
"Mar 17 2025","9,182,535.26"
"Mar 24 2025","8,980,084.15"
"Mar 31 2025","8,723,334.45"
"Apr 7 2025","8,740,643.86"
"Apr 14 2025","8,299,208.72"
"Apr 21 2025","8,193,936.24"
"Apr 28 2025","7,910,920.47"
"May 5 2025","8,317,655.88"
"May 12 2025","8,324,415.27"
"May 19 2025","8,466,726.37"
"May 26 2025","7,963,008.24"
"Jun 2 2025","8,391,551.06"
"Jun 9 2025","7,994,730.09"
"Jun 16 2025","8,023,197.10"
"Jun 23 2025","8,622,290.85"
"Jun 30 2025","8,612,945.84"
"Jul 7 2025","8,366,411.79"
"Jul 14 2025","8,167,369.09"
"Jul 21 2025","8,225,485.39"
"Jul 28 2025","8,096,247.87"
"Aug 4 2025","7,953,430.20"
"Aug 11 2025","8,083,203.07"
"Aug 18 2025","8,055,564.02"
"Aug 25 2025","8,101,417.05"
"Sep 1 2025","8,245,539.52"
"Sep 8 2025","8,369,720.30"
"Sep 15 2025","8,541,964.74"
"Sep 22 2025","8,734,998.54"
"Sep 29 2025","8,541,341.81"
"Oct 6 2025","9,056,533.87"
"Oct 13 2025","9,017,239.35"
"Oct 20 2025","9,452,161.20"
"Oct 27 2025","9,253,734.73"
"Nov 3 2025","9,381,797.49"
"Nov 10 2025","9,465,766.53"
"Nov 17 2025","10,184,557.75"
"Nov 24 2025","10,172,231.71"
"Dec 1 2025","10,224,023.63"
"Dec 8 2025","9,939,527.21"
"Dec 15 2025","9,649,159.35"
"Dec 22 2025","8,610,142.30"
"Dec 29 2025","8,835,955.43"
